Model,Accuracy,Precision,Recall,F1-Score
VADER (Baseline),0.9117647058823529,0.9402573529411765,0.9117647058823529,0.92579185520362
TF-IDF + Logistic Regression,0.9411764705882353,0.9411764705882353,0.9411764705882353,0.9411764705882353
