{
  "vader": {
    "accuracy": 0.9117647058823529,
    "precision": 1.0,
    "recall": 0.9117647058823529,
    "f1": 0.9538461538461538
  },
  "logistic_regression": {
    "accuracy": 0.9117647058823529,
    "precision": 1.0,
    "recall": 0.9117647058823529,
    "f1": 0.9538461538461538
  },
  "comparison": {
    "agreement_percent": 82.35294117647058,
    "test_size": 34
  }
}