Model,Accuracy,Precision,Recall,F1_Score
VADER,0.9117647058823529,1.0,0.9117647058823529,0.9538461538461538
TF-IDF + Logistic Regression,0.9117647058823529,1.0,0.9117647058823529,0.9538461538461538
